{
  "Employees": [
    {
      "id": "1",
      "firstName": "Sai",
      "lastName": "Leela",
      "Email": "saileela@gmail.com",
      "Mobile": "1234567"
    },
    {
      "id": "2",
      "firstName": "Swathi",
      "lastName": "roy",
      "Email": "swathi@gmail.com",
      "Mobile": "1456744"
    },
    {
      "id": "3",
      "firstName": "Niki",
      "lastName": "yas",
      "Email": "niki@gmail.com",
      "Mobile": "4553556"
    },
    {
      "id": "4",
      "firstName": "Pandu",
      "lastName": "Thalli",
      "Email": "pandu@gmail.com",
      "Mobile": "32535332"
    },
    {
      "id": "5",
      "firstName": "Pandu",
      "lastName": "Thalli",
      "Email": "pandu@gmail.com",
      "Mobile": "32535332"
    },
    {
      "id": 8,
      "firstName": "Radhika",
      "lastName": "konduri",
      "Email": "pandu@google,com",
      "Mobile": "57483554"
    },
    {
      "id": 6,
      "firstName": "varshni",
      "lastName": "valluri",
      "Email": "varshni@google.com",
      "Mobile": "67465554"
    }
  ]
}